{
  "usa": [
    {
      "id": 1,
      "city": "Bellevue, WA",
      "address": "14450 NE 29th Pl #120 Bellevue, WA 98007",
      "map": "https://goo.gl/maps/u55ya3n2YSLiTVQM7",
      "image": "/assets/img/about/bellevue.png"
    },
    {
      "id": 2,
      "city": "Seattle, WA",
      "address": "2401 4th Ave, Suite 810 Seattle, WA 98121",
      "map": "https://goo.gl/maps/yZrVpmjxmh2dKxzK9",
      "image": "/assets/img/about/seattle.jpeg"
    },
    {
      "id": 3,
      "city": "San Jose, CA",
      "address": "2025 Gateway Place STE 190 San Jose, CA 95110",
      "map": "https://goo.gl/maps/LgWaT3ZVK8HXmXqD8",
      "image": "/assets/img/about/sanjose.jpg"
    },
    {
      "id": 4,
      "city": "Mt Pleasant, WI",
      "address": "12001 Braun Road,Mount Pleasant, WI 53177",
      "map": "https://goo.gl/maps/u7GUqXpSpCPfB9dj7",
      "image": "/assets/img/about/wisconsin.jpeg"
    },
    {
      "id": 5,
      "city": "Austin, TX",
      "address": "12345 N. Lamar, Suites 250 Austin, TX 78753",
      "map": "https://goo.gl/maps/39Bna7n5hphouZs8A",
      "image": "/assets/img/about/austin.jpeg"
    }
  ],
  "mexico": [
    {
      "id": 1,
      "city": "Juarez",
      "address": "Bulevar Oscar Flores San 8951, Nuevo Hipódromo, 32675 Cd Juárez, Chih., Mexico",
      "map": "https://goo.gl/maps/9NLrtkjHGgS5XKP68",
      "image": "/assets/img/about/jua.jpg"
    },
    {
      "id": 2,
      "city": "Guadalajara",
      "address": "Del Bosque 1170, Vista Hermosa, 45590 San Pedro Tlaquepaque, Jal., Mexico",
      "map": "https://goo.gl/maps/sc9StezDncQcgQ4LA",
      "image": "/assets/img/about/gdl.jpg"
    }
  ],
  "china": [
    {
      "id": 1,
      "city": "Tienjin",
      "address": "No 36, North Street, West zone, Economic & Technological Development Area, TianJin, China",
      "map": "https://goo.gl/maps/sc9StezDncQcgQ4LA",
      "image": "/assets/img/about/tienjin.jpg"
    }
  ],
  "taiwan": [
    {
      "id": 1,
      "city": "New Taipei",
      "address": "No.2,Ziyou St., Tucheng Dist., New Taipei City ,Taiwan R.O.C.",
      "map": "https://goo.gl/maps/1TBujQkkPRC1RbmW9",
      "image": "/assets/img/about/taipei.jpg"
    },
    {
      "id": 2,
      "city": "Kaoshiung",
      "address": "No. 25, Chenggong 2nd Road, Qianzhen District, Kaohsiung City, Taiwan R.O.C.",
      "map": "https://goo.gl/maps/1TBujQkkPRC1RbmW9",
      "image": "/assets/img/about/kaosh.jpeg"
    },
    {
      "id": 3,
      "city": "Taoyuan",
      "address": "No.1188, NanChing Rd., Lujhu Dist., Taoyuan City 338009, Taiwan R.O.C.",
      "map": "https://goo.gl/maps/Wgoh5c4JgdZML2jv5",
      "image": "/assets/img/about/tao.jpg"
    }
  ],
  "singapore": [
    {
      "id": 1,
      "city": "Singapore",
      "address": "54 Genting Lane #03-05 Ruby Land Complex Block II Singapore 349562",
      "map": "https://goo.gl/maps/MzfdwgjNYMt4xbik9",
      "image": "/assets/img/about/singapore.jpg"
    }
  ],
  "eu": [
    {
      "id": 1,
      "city": "Hungary",
      "address": "Komárom, Bánki Donát u. 1, 2900 Hungary",
      "map": "https://goo.gl/maps/iP9JWBqmXVLw3gnx7",
      "image": "/assets/img/about/hungary.png"
    },
    {
      "id": 1,
      "city": "Czech",
      "address": "Karlov 245, 284 01 Kutná Hora,Czech Republic",
      "map": "https://goo.gl/maps/cpM3jQnGSSKm3krG8",
      "image": "/assets/img/about/cz.png"
    }
  ]
}